{"cameraMode":{"drawMode":0,"name":"Shaded","section":"Shading Mode"},"sceneLighting":true,"audioPlay":false,"sceneViewState":{"showFog":true,"showMaterialUpdate":false,"showSkybox":true,"showFlares":true,"showImageEffects":true,"showParticleSystems":true,"showVisualEffectGraphs":true,"m_FxEnabled":true},"in2DMode":false,"pivot":{"x":-10.335592269897461,"y":-32.945777893066409,"z":-30.700180053710939},"rotation":{"x":0.00923838745802641,"y":0.941188395023346,"z":-0.33697274327278139,"w":0.025683864951133729},"size":55.430599212646487,"orthographic":false}